ldg	run	chr	beta	like
freebayes-variant-USDA1106-psyma-814058-C	dnf6.change	USDA1106-psyma	0.7213826	0.0
freebayes-variant-USDA1106-psyma-640868-G	dnf6.change	USDA1106-psyma	0.7628096	0.007
freebayes-variant-USDA1106-psyma-242975-C	dnf6.change	USDA1106-psyma	0.5234962	0.001
freebayes-variant-USDA1106-psyma-226256-T	dnf6.change	USDA1106-psyma	-0.2605356	0.0
freebayes-variant-USDA1106-psyma-953094-G	dnf6.change	USDA1106-psyma	0.8037483	0.008
freebayes-variant-USDA1106-psyma-416775-G	dnf6.change	USDA1106-psyma	0.4153381	0.0
freebayes-variant-USDA1106-psyma-965852-A	dnf6.change	USDA1106-psyma	0.6083203	0.0
freebayes-variant-USDA1106-psyma-750418-A	dnf6.change	USDA1106-psyma	0.5119025	0.0
freebayes-variant-USDA1106-psyma-753366-A	dnf6.change	USDA1106-psyma	0.5119025	0.0
freebayes-variant-USDA1106-psyma-742658-A	dnf6.change	USDA1106-psyma	0.5607391	0.001
