ldg	run	chr	beta	like
freebayes-variant-USDA1106-psyma-40952-T	A17	USDA1106-psyma	-1.828944	1
freebayes-variant-USDA1106-psyma-814058-C	A17	USDA1106-psyma	-1.699491	1
freebayes-variant-USDA1106-psyma-640868-G	A17	USDA1106-psyma	-2.042067	1
freebayes-variant-USDA1106-psyma-640487-G	A17	USDA1106-psyma	-1.755261	1
freebayes-variant-USDA1106-psyma-953094-G	A17	USDA1106-psyma	-2.157414	1
freebayes-variant-USDA1106-psyma-970334-C	A17	USDA1106-psyma	-2.023323	1
freebayes-variant-USDA1106-psyma-963153-T	A17	USDA1106-psyma	-2.011844	1
freebayes-variant-USDA1106-psyma-416526-G	A17	USDA1106-psyma	-1.741739	0.999
freebayes-variant-USDA1106-psyma-784516-T	A17	USDA1106-psyma	-1.515559	1
freebayes-variant-USDA1106-psyma-746980-C	A17	USDA1106-psyma	-1.12113	1